F-value,Gene,Likelihood,P-value
0.5391596572814732,V1-10,0.2682826114199113,0.6183705783360226
1.2009391361200538e-12,V1-14,11.920479002186608,28.72303165089668
0.013980050354980244,V1-17,1.8544912642948672,4.30020520811257
0.2448724469457681,V1-20,0.6110600789528784,1.4102735790102208
0.027417169520996935,V1-21,1.561977382692491,3.617910154126544
0.3653199457092259,V1-27,0.4373266155653128,1.0086486274460957
0.009753324260570578,V1-30,2.010847336920729,4.665528609747718
1.1205660999029045e-59,V1-7,58.95056252022986,171.0379742986614
