F-value,Gene,Likelihood,P-value
0.6183705783360226,V1-10,0.2682826114199113,0.5391596572814732
28.72303165089668,V1-14,11.920479002186608,1.2009391361200538e-12
4.30020520811257,V1-17,1.8544912642948672,0.013980050354980244
1.4102735790102208,V1-20,0.6110600789528784,0.2448724469457681
3.617910154126544,V1-21,1.561977382692491,0.027417169520996935
1.0086486274460957,V1-27,0.4373266155653128,0.3653199457092259
4.665528609747718,V1-30,2.010847336920729,0.009753324260570578
171.0379742986614,V1-7,58.95056252022986,1.1205660999029045e-59
